City_ID,City,Lat,Lng,Max Temp,Humidity,Cloudiness,Wind Speed,Country,Date
0,Bluff,-46.6,168.3333,59.81,58,58,6.24,NZ,2022-02-05 05:57:04
1,Mogadishu,2.0371,45.3438,78.67,69,40,12.66,SO,2022-02-05 05:57:04
2,Alofi,-19.0595,-169.9187,76.89,94,100,4.61,NU,2022-02-05 05:57:05
3,Bethel,41.3712,-73.414,27.05,85,100,8.23,US,2022-02-05 05:57:05
4,Vaini,-21.2,-175.2,77.16,94,100,14.97,TO,2022-02-05 05:57:05
5,Kushima,31.4583,131.2333,50.04,55,45,16.49,JP,2022-02-05 05:57:06
6,Florianopolis,-27.6146,-48.5012,76.37,92,75,1.99,BR,2022-02-05 05:57:06
7,Pascagoula,30.3658,-88.5561,34.52,92,98,15.93,US,2022-02-05 05:57:06
8,Ilulissat,69.2167,-51.1,1.83,94,100,6.69,GL,2022-02-05 05:52:59
9,Butaritari,3.0707,172.7902,82.98,79,76,18.63,KI,2022-02-05 05:57:07
10,Kruisfontein,-34.0033,24.7314,66.88,72,48,9.93,ZA,2022-02-05 05:57:07
11,Arraial Do Cabo,-22.9661,-42.0278,75.6,89,98,21.83,BR,2022-02-05 05:57:07
12,Provideniya,64.3833,-173.3,0.48,70,1,10.98,RU,2022-02-05 05:57:07
13,Georgetown,5.4112,100.3354,91.33,74,40,5.01,MY,2022-02-05 05:53:45
14,Rikitea,-23.1203,-134.9692,78.58,72,10,6.35,PF,2022-02-05 05:54:59
15,Kibungo,-2.1597,30.5427,63.52,91,100,1.63,RW,2022-02-05 05:57:08
16,Tasiilaq,65.6145,-37.6368,20.35,68,100,41.23,GL,2022-02-05 05:57:08
17,Musoma,-1.5,33.8,68.7,80,100,11.79,TZ,2022-02-05 05:57:08
18,Renqiu,38.6989,116.0936,36.28,17,40,6.22,CN,2022-02-05 05:57:09
19,Hobart,-42.8794,147.3294,71.28,61,20,14.97,AU,2022-02-05 05:57:09
20,Ushuaia,-54.8,-68.3,44.26,87,0,5.75,AR,2022-02-05 05:57:09
21,Trinidad,-14.8333,-64.9,73.09,97,80,4.09,BO,2022-02-05 05:57:09
22,Bontang,0.1333,117.5,83.79,68,100,8.05,ID,2022-02-05 05:57:10
23,Cherskiy,68.75,161.3,-31.97,97,7,4.0,RU,2022-02-05 05:57:10
24,Touros,-5.1989,-35.4608,77.9,74,3,11.7,BR,2022-02-05 05:56:31
25,Kodiak,57.79,-152.4072,42.31,70,100,11.5,US,2022-02-05 05:57:10
26,Courtenay,49.6866,-124.9936,43.93,89,75,6.91,CA,2022-02-05 05:57:10
27,Qaanaaq,77.484,-69.3632,0.84,73,100,6.04,GL,2022-02-05 05:57:11
28,Muli,2.9167,73.5667,82.45,72,15,11.95,MV,2022-02-05 05:57:11
29,Leningradskiy,69.3833,178.4167,-19.3,94,49,7.23,RU,2022-02-05 05:57:11
30,Mar Del Plata,-38.0023,-57.5575,65.08,89,100,1.99,AR,2022-02-05 05:55:37
31,Dikson,73.5069,80.5464,-5.57,91,100,7.0,RU,2022-02-05 05:57:11
32,Longyearbyen,78.2186,15.6401,12.04,62,20,26.46,SJ,2022-02-05 05:57:12
33,Saint-Philippe,-21.3585,55.7679,85.59,89,100,24.76,RE,2022-02-05 05:57:12
34,Hithadhoo,-0.6,73.0833,82.47,74,95,15.5,MV,2022-02-05 05:57:12
35,Deputatskiy,69.3,139.9,-28.95,99,30,2.84,RU,2022-02-05 05:57:13
36,Bela,25.9333,81.9833,65.71,47,0,8.79,IN,2022-02-05 05:57:13
37,Hanmer Springs,-42.5167,172.8167,50.86,99,100,3.22,NZ,2022-02-05 05:57:13
38,Torata,-17.0769,-70.8433,57.36,73,5,1.28,PE,2022-02-05 05:57:13
39,Cabo San Lucas,22.8909,-109.9124,62.94,70,0,1.68,MX,2022-02-05 05:53:14
40,Kamenka,51.3223,42.7678,14.56,96,91,8.41,RU,2022-02-05 05:57:14
41,Guerrero Negro,27.9769,-114.0611,58.28,36,0,1.88,MX,2022-02-05 05:57:14
42,Chara,56.9064,118.2631,-3.73,89,86,1.45,RU,2022-02-05 05:57:14
43,Kahului,20.8947,-156.47,75.85,88,25,5.01,US,2022-02-05 05:57:14
44,Ugoofaaru,5.6667,73.0,81.45,67,33,9.15,MV,2022-02-05 05:57:15
45,Port-Cartier,50.0334,-66.8654,-1.25,85,100,7.43,CA,2022-02-05 05:58:15
46,Barkot,30.8167,78.2,45.45,50,1,3.44,IN,2022-02-05 05:58:15
47,Yellowknife,62.456,-114.3525,-25.71,81,100,4.61,CA,2022-02-05 05:56:35
48,Jamestown,42.097,-79.2353,18.72,85,100,10.36,US,2022-02-05 05:55:24
49,Upernavik,72.7868,-56.1549,-0.89,94,100,6.82,GL,2022-02-05 05:58:16
50,Punta Arenas,-53.15,-70.9167,44.71,70,0,8.05,CL,2022-02-05 05:58:01
51,Hamilton,39.1834,-84.5333,19.72,85,100,3.0,US,2022-02-05 05:54:31
52,Vuktyl,63.8567,57.3094,-3.35,100,94,1.14,RU,2022-02-05 05:58:16
53,Port Alfred,-33.5906,26.891,69.62,84,95,10.56,ZA,2022-02-05 05:58:16
54,Thompson,55.7435,-97.8558,-25.44,75,0,2.3,CA,2022-02-05 05:55:26
55,Kavieng,-2.5744,150.7967,83.88,70,100,8.84,PG,2022-02-05 05:58:17
56,Hasaki,35.7333,140.8333,45.0,26,28,10.85,JP,2022-02-05 05:58:17
57,Carnarvon,-24.8667,113.6333,93.27,43,51,12.66,AU,2022-02-05 05:58:17
58,Coquimbo,-29.9533,-71.3436,62.33,82,0,3.44,CL,2022-02-05 05:58:17
59,Mayor Pablo Lagerenza,-19.9309,-60.7718,80.11,66,7,8.25,PY,2022-02-05 05:58:18
60,Bredasdorp,-34.5322,20.0403,69.12,64,24,16.11,ZA,2022-02-05 05:58:18
61,Zion,42.4461,-87.8328,12.85,79,99,13.94,US,2022-02-05 05:58:18
62,Olafsvik,64.8945,-23.7142,28.22,62,100,27.18,IS,2022-02-05 05:55:33
63,New Norfolk,-42.7826,147.0587,70.92,45,98,1.99,AU,2022-02-05 05:58:19
64,Mataura,-46.1927,168.8643,59.49,49,15,6.85,NZ,2022-02-05 05:58:19
65,Chuy,-33.6971,-53.4616,68.14,94,49,3.83,UY,2022-02-05 05:58:19
66,San Cristobal,7.7669,-72.225,69.98,92,44,2.95,VE,2022-02-05 05:58:19
67,Busselton,-33.65,115.3333,109.04,37,8,9.35,AU,2022-02-05 05:58:20
68,Westport,41.1415,-73.3579,28.74,85,100,1.01,US,2022-02-05 05:58:20
69,Aykhal,66.0,111.5,-14.76,100,81,5.64,RU,2022-02-05 05:58:20
70,Paignton,50.4357,-3.5679,40.64,92,19,5.99,GB,2022-02-05 05:58:20
71,Muzhi,65.3667,64.6667,-3.06,92,13,3.85,RU,2022-02-05 05:58:21
72,Saldanha,-33.0117,17.9442,60.85,64,2,7.05,ZA,2022-02-05 05:58:21
73,Laguna,38.421,-121.4238,52.77,74,0,0.0,US,2022-02-05 05:58:21
74,Gananoque,44.3334,-76.1661,8.67,80,100,5.12,CA,2022-02-05 05:58:21
75,Dakoro,14.5106,6.765,53.58,22,0,14.09,NE,2022-02-05 05:58:22
76,Anadyr,64.75,177.4833,5.5,61,0,2.24,RU,2022-02-05 05:58:22
77,Castro,-24.7911,-50.0119,65.32,98,93,5.1,BR,2022-02-05 05:58:22
78,Khatanga,71.9667,102.5,-35.64,100,77,2.42,RU,2022-02-05 05:58:23
79,Torbay,47.6666,-52.7314,34.75,95,100,3.44,CA,2022-02-05 05:58:23
80,Qasigiannguit,68.8193,-51.1922,1.18,83,100,5.14,GL,2022-02-05 05:58:23
81,Katsuura,35.1333,140.3,48.11,37,82,1.7,JP,2022-02-05 05:58:24
82,Ajaccio,42.0,8.9167,46.56,93,75,6.91,FR,2022-02-05 05:57:57
83,Alice Springs,-23.7,133.8833,81.95,26,0,10.36,AU,2022-02-05 05:58:24
84,Svobodnyy,51.4,128.1333,7.74,72,99,9.78,RU,2022-02-05 05:58:24
85,Pemangkat,1.1667,108.9667,81.9,80,92,12.64,ID,2022-02-05 05:58:24
86,Puerto Ayora,-0.7393,-90.3518,74.55,93,47,1.01,EC,2022-02-05 05:58:25
87,Atuona,-9.8,-139.0333,78.58,77,18,18.16,PF,2022-02-05 05:58:25
88,Seydi,39.4816,62.9137,56.23,21,12,26.26,TM,2022-02-05 05:58:25
89,Nikolskoye,59.7035,30.7861,20.71,88,99,13.73,RU,2022-02-05 05:58:25
90,Airai,-8.9266,125.4092,68.72,82,92,3.27,TL,2022-02-05 05:58:26
91,Los Llanos De Aridane,28.6585,-17.9182,57.13,73,0,8.01,ES,2022-02-05 05:58:26
92,Avarua,-21.2078,-159.775,78.85,83,20,9.22,CK,2022-02-05 05:58:26
93,Buenos Aires,-34.6132,-58.3772,73.13,85,0,2.3,AR,2022-02-05 05:55:22
94,Lorengau,-2.0226,147.2712,83.97,68,100,10.18,PG,2022-02-05 05:59:27
95,Shimoda,34.6667,138.95,48.56,44,20,29.51,JP,2022-02-05 05:59:27
96,Iberia,29.9502,-91.7507,35.58,83,38,13.47,US,2022-02-05 05:59:27
97,Puerto Escondido,15.85,-97.0667,75.54,67,0,5.5,MX,2022-02-05 05:59:27
98,Narsaq,60.9167,-46.05,3.22,46,0,17.87,GL,2022-02-05 05:59:28
99,Asau,46.4333,26.4,22.12,67,76,6.67,RO,2022-02-05 05:59:28
100,Mana,5.6592,-53.7767,76.17,90,100,8.48,GF,2022-02-05 05:59:28
101,Hobyo,5.3505,48.5268,79.52,58,30,18.21,SO,2022-02-05 05:57:27
102,Sorland,67.667,12.6934,33.51,79,97,29.21,NO,2022-02-05 05:59:28
103,Barrow,71.2906,-156.7887,-12.51,99,100,6.08,US,2022-02-05 05:59:29
104,Luderitz,-26.6481,15.1594,67.08,76,94,3.13,NA,2022-02-05 05:59:29
105,Phan Thiet,10.9333,108.1,89.15,47,97,23.42,VN,2022-02-05 05:59:16
106,Kyenjojo,0.6328,30.6214,68.95,64,100,2.46,UG,2022-02-05 05:59:29
107,Port Lincoln,-34.7333,135.8667,75.11,48,6,10.6,AU,2022-02-05 05:59:29
108,Obo,5.3998,26.4869,74.03,21,100,8.86,CF,2022-02-05 05:59:30
109,Nakapiripirit,1.9167,34.7833,75.6,38,81,0.96,UG,2022-02-05 05:59:30
110,Port Augusta,-32.5,137.7667,90.72,21,6,14.65,AU,2022-02-05 05:58:02
111,Soyo,-6.1349,12.3689,76.8,84,45,4.41,AO,2022-02-05 05:59:30
112,Madulao,13.5622,122.3378,81.99,63,85,14.36,PH,2022-02-05 05:59:31
113,Nachalovo,46.338,48.2013,31.96,86,100,20.13,RU,2022-02-05 05:59:31
114,Albany,42.6001,-73.9662,14.23,83,99,3.6,US,2022-02-05 05:57:39
115,Qinhuangdao,39.9317,119.5883,30.6,31,0,11.1,CN,2022-02-05 05:59:31
116,Berlevag,70.8578,29.0864,21.43,80,100,27.22,NO,2022-02-05 05:59:31
117,Riyadh,24.6877,46.7219,60.85,33,16,17.27,SA,2022-02-05 05:58:11
118,East London,-33.0153,27.9116,68.23,92,100,13.11,ZA,2022-02-05 05:59:32
119,Kyshtovka,56.555,76.6271,18.84,80,100,9.04,RU,2022-02-05 05:59:32
120,Sakassou,7.4546,-5.2926,73.24,47,3,1.9,CI,2022-02-05 05:59:32
121,Launceston,-41.45,147.1667,74.84,44,75,5.01,AU,2022-02-05 05:59:33
122,Vredendal,-31.6683,18.5012,78.28,42,0,7.34,ZA,2022-02-05 05:59:33
123,Hilo,19.7297,-155.09,72.81,98,34,1.99,US,2022-02-05 05:57:52
124,Vardo,70.3705,31.1107,21.94,90,100,27.09,NO,2022-02-05 05:59:33
125,Sinnai,39.3042,9.2036,48.34,80,0,5.75,IT,2022-02-05 05:59:33
126,Ahipara,-35.1667,173.1667,71.31,97,95,10.09,NZ,2022-02-05 05:59:34
127,Paso De Patria,-27.2454,-58.5454,74.07,92,100,3.8,AR,2022-02-05 05:59:34
128,Kapaa,22.0752,-159.319,73.11,59,57,1.43,US,2022-02-05 05:59:34
129,Tuktoyaktuk,69.4541,-133.0374,-23.8,76,0,16.11,CA,2022-02-05 05:59:34
130,Hatillo,18.4863,-66.8254,72.09,94,47,12.95,PR,2022-02-05 05:59:35
131,Mahebourg,-20.4081,57.7,81.25,83,75,19.57,MU,2022-02-05 05:55:25
132,Alamos,27.0167,-108.9333,52.72,48,0,3.8,MX,2022-02-05 05:59:35
133,Rybachiy,48.7073,44.7449,26.46,88,100,9.26,RU,2022-02-05 05:59:35
134,Aklavik,68.2191,-135.0107,-21.17,90,6,18.05,CA,2022-02-05 05:59:36
135,Constitucion,-35.3333,-72.4167,58.23,82,28,9.86,CL,2022-02-05 05:59:36
136,Erenhot,43.6475,111.9767,14.45,69,6,14.97,CN,2022-02-05 05:59:36
137,Coihaique,-45.5752,-72.0662,54.21,87,0,3.44,CL,2022-02-05 05:59:36
138,Longhua,23.6137,114.1919,61.88,56,69,2.55,CN,2022-02-05 05:59:37
139,Cape Town,-33.9258,18.4232,68.11,67,0,3.0,ZA,2022-02-05 05:58:31
140,Lanquin,15.5667,-89.9667,65.5,97,46,3.69,GT,2022-02-05 06:00:38
141,Jinchang,38.4953,102.1739,17.38,78,100,6.22,CN,2022-02-05 06:00:40
142,Isangel,-19.55,169.2667,78.3,88,100,11.74,VU,2022-02-05 06:00:40
143,Baraut,29.1,77.2667,55.2,61,0,2.24,IN,2022-02-05 06:00:41
144,Thinadhoo,0.5333,72.9333,82.31,70,100,11.25,MV,2022-02-05 06:00:41
145,Saint George,37.1041,-113.5841,40.35,38,0,5.99,US,2022-02-05 06:00:41
146,Roscommon,53.6333,-8.1833,45.34,78,95,20.13,IE,2022-02-05 06:00:42
147,Ongandjera,-17.8833,15.0667,69.15,62,100,7.72,NA,2022-02-05 06:00:43
148,Port Elizabeth,-33.918,25.5701,69.1,77,72,12.28,ZA,2022-02-05 06:00:43
149,Matara,5.9485,80.5353,86.43,57,58,5.41,LK,2022-02-05 06:00:44
150,Dingle,10.9995,122.6711,82.29,72,91,17.83,PH,2022-02-05 06:00:44
151,Richards Bay,-28.783,32.0377,71.37,90,100,12.17,ZA,2022-02-05 06:00:45
152,Saravena,6.9538,-71.8752,71.29,93,79,3.11,CO,2022-02-05 06:00:45
153,Lebu,-37.6167,-73.65,56.46,89,42,17.29,CL,2022-02-05 06:00:46
154,Parsabad,39.6482,47.9174,49.08,36,97,17.02,IR,2022-02-05 06:00:46
155,Grass Valley,39.2191,-121.0611,46.62,58,0,1.99,US,2022-02-05 05:58:11
156,Dolores,-36.3132,-57.6792,60.93,96,100,9.91,AR,2022-02-05 06:00:46
157,Tuatapere,-46.1333,167.6833,59.83,60,20,8.77,NZ,2022-02-05 06:00:47
158,Komsomolskiy,40.4272,71.7189,40.42,38,81,2.3,UZ,2022-02-05 06:00:47
159,Dudinka,69.4058,86.1778,-0.42,96,99,5.37,RU,2022-02-05 06:00:47
160,Santa Marta,11.2408,-74.199,80.89,69,9,1.01,CO,2022-02-05 06:00:48
161,Pailon,-17.65,-62.75,74.79,88,65,10.47,BO,2022-02-05 06:00:48
162,Cayenne,4.9333,-52.3333,80.1,85,100,4.0,GF,2022-02-05 06:00:49
163,Uvinza,-5.1036,30.3911,67.35,93,100,0.65,TZ,2022-02-05 06:00:49
164,Lumut,4.2323,100.6298,84.67,64,71,5.7,MY,2022-02-05 06:00:49
165,Porangatu,-13.4408,-49.1486,70.84,92,56,2.8,BR,2022-02-05 06:00:49
166,Ullal,12.8,74.85,81.55,61,20,8.05,IN,2022-02-05 06:00:50
167,Sitka,57.0531,-135.33,39.69,94,100,8.99,US,2022-02-05 06:00:50
168,Moelv,60.9333,10.7,14.54,95,79,2.39,NO,2022-02-05 06:00:50
169,Kauhajoki,62.4333,22.1833,30.4,97,100,7.7,FI,2022-02-05 06:00:51
170,Flinders,-34.5833,150.8552,72.18,68,82,10.0,AU,2022-02-05 06:00:51
171,Mitsamiouli,-11.3847,43.2844,81.1,78,98,12.24,KM,2022-02-05 06:00:51
172,Victoria,22.2855,114.1577,65.03,69,77,3.0,HK,2022-02-05 05:57:05
173,Yeppoon,-23.1333,150.7333,85.78,57,26,21.94,AU,2022-02-05 05:57:24
174,Faanui,-16.4833,-151.75,80.6,74,62,13.91,PF,2022-02-05 06:00:52
175,Camopi,3.1655,-52.3158,71.04,100,94,1.74,GF,2022-02-05 06:00:52
176,Nizhniy Kuranakh,58.8353,125.4869,1.58,90,100,4.79,RU,2022-02-05 06:00:52
177,Teguise,29.0605,-13.564,61.02,59,0,10.36,ES,2022-02-05 06:00:53
178,Corralillo,22.9819,-80.5856,71.47,82,3,8.7,CU,2022-02-05 06:00:53
179,Ixtapa,20.7,-105.2,64.53,80,4,2.26,MX,2022-02-05 06:00:42
180,Kampene,-3.6,26.6667,68.22,97,99,2.48,CD,2022-02-05 06:00:53
181,Lady Frere,-31.7031,27.2329,59.77,91,100,3.27,ZA,2022-02-05 06:01:54
182,La Ronge,55.1001,-105.2842,-5.46,98,100,8.84,CA,2022-02-05 06:01:54
183,Goshogawara,40.8044,140.4414,28.11,49,100,17.72,JP,2022-02-05 06:01:54
184,Kudahuvadhoo,2.6708,72.8944,82.17,71,49,12.44,MV,2022-02-05 06:01:54
185,Lompoc,34.6391,-120.4579,56.19,78,0,3.44,US,2022-02-05 06:01:55
186,Ponta Do Sol,32.6667,-17.1,62.01,67,74,5.28,PT,2022-02-05 06:01:55
187,Gao,16.6362,1.637,55.51,17,0,11.97,ML,2022-02-05 06:01:55
188,Bubaque,11.2833,-15.8333,77.76,60,0,9.8,GW,2022-02-05 06:01:56
189,Lavrentiya,65.5833,-171.0,-9.9,87,2,8.41,RU,2022-02-05 06:01:56
190,Uvira,-3.4067,29.1458,70.45,93,100,1.95,CD,2022-02-05 06:01:56
191,Vanavara,60.34,102.2797,13.62,91,100,8.77,RU,2022-02-05 06:01:16
192,Sokoni,-6.4333,39.55,74.95,88,100,13.62,TZ,2022-02-05 06:01:56
193,Codrington,-38.2667,141.9667,70.16,58,99,20.78,AU,2022-02-05 06:01:57
194,Minab,27.1467,57.0801,65.7,66,0,4.32,IR,2022-02-05 06:01:57
195,Amahai,-3.3333,128.9167,85.15,69,82,0.78,ID,2022-02-05 06:01:57
196,Ambon,-3.6954,128.1814,89.74,58,40,6.91,ID,2022-02-05 06:01:57
197,Kaitangata,-46.2817,169.8464,55.18,61,8,7.09,NZ,2022-02-05 06:01:58
198,Icara,-28.7133,-49.3,71.8,95,78,3.53,BR,2022-02-05 06:01:58
199,Metro,-5.1131,105.3067,82.58,72,100,7.05,ID,2022-02-05 05:57:27
200,Alta Floresta,-9.8756,-56.0861,70.21,97,69,0.47,BR,2022-02-05 06:01:12
201,Esperance,-33.8667,121.9,83.07,49,2,20.2,AU,2022-02-05 06:01:58
202,Bambous Virieux,-20.3428,57.7575,81.21,84,92,20.65,MU,2022-02-05 06:01:59
203,Macheng,31.1783,115.0319,51.39,38,54,2.71,CN,2022-02-05 06:01:59
204,Palana,59.1167,159.9667,14.43,77,98,13.04,RU,2022-02-05 06:01:59
205,Geraldton,-28.7667,114.6,108.01,10,0,14.97,AU,2022-02-05 06:02:00
206,Shelburne,44.0787,-80.2041,3.67,88,100,7.74,CA,2022-02-05 06:02:00
207,Gorzow Wielkopolski,52.7368,15.2288,38.59,81,100,7.0,PL,2022-02-05 05:59:05
208,Talcahuano,-36.7167,-73.1167,56.32,86,46,10.27,CL,2022-02-05 06:00:49
209,Nemuro,43.3236,145.575,26.17,61,48,17.45,JP,2022-02-05 06:02:00
210,Beloha,-25.1667,45.05,85.41,57,51,18.45,MG,2022-02-05 06:02:01
211,Balabac,7.9868,117.0645,80.04,83,100,21.39,PH,2022-02-05 06:02:01
212,Taoudenni,22.6783,-3.9836,60.67,16,63,9.57,ML,2022-02-05 06:02:01
213,Belyy Yar,53.6039,91.3903,-4.11,84,93,0.0,RU,2022-02-05 06:02:01
214,Talara,-4.5772,-81.2719,72.1,80,38,13.13,PE,2022-02-05 06:02:02
215,Yerofey Pavlovich,53.9667,121.9667,11.1,57,100,7.78,RU,2022-02-05 06:02:02
216,Bayburt,40.2589,40.2278,10.63,96,98,3.38,TR,2022-02-05 06:02:02
217,Sabha,27.0377,14.4283,46.18,38,0,7.56,LY,2022-02-05 06:02:03
218,Iqaluit,63.7506,-68.5145,-26.93,95,100,3.89,CA,2022-02-05 06:02:03
219,Dwarka,22.2394,68.9678,73.09,51,12,9.31,IN,2022-02-05 06:02:03
220,Rio Gallegos,-51.6226,-69.2181,50.23,68,4,17.31,AR,2022-02-05 06:01:59
221,Tura,25.5198,90.2201,58.19,88,62,5.7,IN,2022-02-05 06:02:04
222,Semey,50.4111,80.2275,3.42,78,0,11.18,KZ,2022-02-05 06:02:04
223,Kaeo,-35.1,173.7833,73.33,95,89,8.75,NZ,2022-02-05 06:02:04
224,Krasnoselkup,65.7,82.4667,16.47,95,100,4.81,RU,2022-02-05 06:02:04
225,Pangnirtung,66.1451,-65.7125,-25.98,99,100,0.56,CA,2022-02-05 06:03:05
226,Mattru,7.6244,-11.8332,70.07,98,19,2.19,SL,2022-02-05 06:03:05
227,Matagami,49.7502,-77.6328,-13.85,99,100,2.75,CA,2022-02-05 06:02:44
228,Talnakh,69.4865,88.3972,-1.75,95,98,3.53,RU,2022-02-05 06:03:05
229,Atar,20.5169,-13.0499,66.45,12,29,6.55,MR,2022-02-05 06:03:06
230,Ystad,55.4297,13.8204,36.34,82,56,18.61,SE,2022-02-05 06:03:06
231,Kindu,-2.95,25.95,69.35,97,100,2.93,CD,2022-02-05 06:03:06
232,Te Anau,-45.4167,167.7167,61.07,48,3,6.15,NZ,2022-02-05 06:03:06
233,Menongue,-14.6585,17.691,60.75,98,100,7.52,AO,2022-02-05 06:03:07
234,Tarazona,41.9,-1.7333,45.19,80,97,8.7,ES,2022-02-05 06:03:07
235,Ayagoz,47.9714,80.4392,11.28,78,1,7.45,KZ,2022-02-05 06:03:07
236,North Bend,43.4065,-124.2243,48.16,99,100,3.44,US,2022-02-05 06:03:07
237,Posse,-14.0931,-46.3694,68.79,90,100,2.19,BR,2022-02-05 06:01:56
238,Whitehorse,60.7161,-135.0538,0.81,77,99,15.99,CA,2022-02-05 06:00:32
239,Kristiinankaupunki,62.2743,21.376,31.41,97,100,10.22,FI,2022-02-05 06:03:08
240,Samarai,-10.6167,150.6667,84.85,74,87,10.29,PG,2022-02-05 06:03:09
241,Eyl,7.9803,49.8164,78.76,52,38,13.89,SO,2022-02-05 06:03:09
242,Senanga,-16.1167,23.2667,65.91,96,100,3.78,ZM,2022-02-05 06:03:09
243,Lagoa,39.05,-27.9833,58.41,76,74,20.36,PT,2022-02-05 06:03:10
244,Hualmay,-11.0964,-77.6139,69.58,85,79,7.67,PE,2022-02-05 06:03:10
245,Iquique,-20.2208,-70.1431,67.32,76,28,1.23,CL,2022-02-05 06:03:10
246,Xiaoyi,34.6178,109.703,41.95,27,100,10.6,CN,2022-02-05 06:03:10
247,Yerbogachen,61.2767,108.0108,3.72,94,99,6.44,RU,2022-02-05 06:03:11
248,Dossor,47.5272,52.9811,32.38,92,100,6.76,KZ,2022-02-05 06:03:11
249,Moron,-34.6534,-58.6198,73.96,87,100,6.76,AR,2022-02-05 06:03:11
250,Muros,42.7762,-9.0603,48.09,78,47,14.52,ES,2022-02-05 06:03:11
251,Hermanus,-34.4187,19.2345,69.8,70,0,19.73,ZA,2022-02-05 06:03:12
252,Paamiut,61.994,-49.6678,4.59,86,100,8.12,GL,2022-02-05 06:03:12
253,Chipinge,-20.1883,32.6236,66.04,90,92,5.64,ZW,2022-02-05 06:03:12
254,Flin Flon,54.7682,-101.865,-11.13,97,99,5.82,CA,2022-02-05 06:01:42
255,Florence,43.7667,11.25,51.24,97,75,1.14,IT,2022-02-05 06:03:13
256,Fukuma,33.7667,130.4667,45.28,55,99,20.13,JP,2022-02-05 06:03:13
257,Kalmunai,7.4167,81.8167,82.02,62,62,6.17,LK,2022-02-05 06:03:13
258,Nochistlan,21.3667,-102.85,49.84,52,14,2.75,MX,2022-02-05 06:03:14
259,San Ignacio,17.1561,-89.0714,69.94,94,40,6.91,BZ,2022-02-05 06:03:14
260,Saskylakh,71.9167,114.0833,-9.51,98,100,5.17,RU,2022-02-05 06:03:14
261,Chokurdakh,70.6333,147.9167,-31.7,100,32,1.68,RU,2022-02-05 06:03:14
262,Dondo,-19.6094,34.7431,83.71,87,41,6.87,MZ,2022-02-05 06:03:15
263,Nishihara,26.1842,127.7558,61.88,55,40,21.85,JP,2022-02-05 06:03:15
264,Lasa,46.6166,10.7002,29.3,92,43,7.87,IT,2022-02-05 06:03:15
265,Hot Springs,34.5037,-93.0552,26.29,99,5,3.29,US,2022-02-05 06:02:19
266,Fairbanks,64.8378,-147.7164,5.59,79,90,0.0,US,2022-02-05 06:00:05
267,The Valley,18.217,-63.0578,76.1,76,100,17.83,AI,2022-02-05 06:03:16
268,Tucupita,9.0622,-62.051,69.21,99,6,2.86,VE,2022-02-05 06:03:16
269,Letpadan,17.7833,95.75,91.24,35,76,9.35,MM,2022-02-05 06:03:16
270,Alexandria,31.2156,29.9553,48.16,87,40,11.5,EG,2022-02-05 05:58:28
271,Leh,34.1667,77.5833,3.07,83,90,1.97,IN,2022-02-05 06:03:17
272,Cascais,38.6979,-9.4215,52.05,74,73,1.01,PT,2022-02-05 06:03:17
273,Plavsk,53.7094,37.2919,-1.23,100,99,2.55,RU,2022-02-05 06:04:17
274,Taltal,-25.4,-70.4833,66.65,75,0,1.43,CL,2022-02-05 06:04:18
275,Paita,-5.0892,-81.1144,71.11,83,59,9.8,PE,2022-02-05 06:04:18
276,Adrar,20.5022,-10.0711,60.17,14,1,9.35,MR,2022-02-05 06:04:18
277,Mehamn,71.0357,27.8492,20.16,82,100,21.88,NO,2022-02-05 06:04:18
278,Cermik,38.1361,39.4493,36.09,83,9,6.2,TR,2022-02-05 06:04:19
279,Prado,-17.3411,-39.2208,75.42,89,100,9.1,BR,2022-02-05 06:04:19
280,Darasun,51.6667,114.0,16.34,68,43,9.01,RU,2022-02-05 06:04:19
281,Nunoa,-14.48,-70.6411,41.85,89,100,1.32,PE,2022-02-05 06:04:19
282,Chingirlau,51.095,54.0814,25.38,92,100,9.19,KZ,2022-02-05 06:04:20
283,Marang,5.2056,103.2059,80.33,80,83,12.37,MY,2022-02-05 06:04:20
284,Teya,60.3778,92.6267,21.51,89,100,9.33,RU,2022-02-05 06:04:20
285,Mildura,-34.2,142.15,86.07,19,75,9.22,AU,2022-02-05 06:04:20
286,Pisco,-13.7,-76.2167,66.02,88,0,0.0,PE,2022-02-05 06:04:21
287,Arroyo,41.6096,-4.7969,45.19,84,100,5.75,ES,2022-02-05 06:04:21
288,Tilichiki,60.4667,166.1,-1.26,84,100,7.58,RU,2022-02-05 06:04:21
289,Qui Nhon,13.7667,109.2333,75.25,84,72,18.99,VN,2022-02-05 06:04:21
290,Jacareacanga,-6.2222,-57.7528,72.91,98,100,2.21,BR,2022-02-05 06:04:22
291,Gurupi,-11.7292,-49.0686,72.61,90,55,1.66,BR,2022-02-05 06:04:22
292,Puerto Ayacucho,5.6639,-67.6236,75.54,79,60,2.73,VE,2022-02-05 06:04:22
293,Hurghada,27.2574,33.8129,56.98,55,3,13.2,EG,2022-02-05 06:00:48
294,Xinmin,41.9908,122.8253,23.25,35,13,15.32,CN,2022-02-05 06:04:23
295,Martapura,-3.4167,114.85,89.69,62,40,5.75,ID,2022-02-05 06:04:23
296,Waipawa,-41.4122,175.5153,56.03,95,100,10.33,NZ,2022-02-05 06:04:23
297,Renfrew,55.872,-4.3925,43.56,90,75,25.32,GB,2022-02-05 06:04:23
298,Mount Isa,-20.7333,139.5,92.97,18,6,3.44,AU,2022-02-05 06:04:24
299,Wuchi,29.3786,103.023,32.76,85,100,4.81,CN,2022-02-05 06:04:24
300,Tessalit,20.1986,1.0114,53.87,24,0,13.15,ML,2022-02-05 06:02:12
301,San Quintin,30.4833,-115.95,55.29,46,4,3.24,MX,2022-02-05 06:04:24
302,Ust-Tsilma,65.441,52.1498,-15.57,100,80,2.51,RU,2022-02-05 06:04:25
303,Povenets,62.8487,34.8262,10.08,93,100,13.8,RU,2022-02-05 06:04:25
304,Pacific Grove,36.6177,-121.9166,54.28,65,1,1.01,US,2022-02-05 05:59:27
305,Yarmouth,41.7057,-70.2286,33.15,95,100,18.41,US,2022-02-05 06:04:25
306,Alghero,40.5589,8.3181,51.89,93,40,3.44,IT,2022-02-05 06:04:25
307,Lata,40.1629,-8.3327,41.92,96,73,3.36,PT,2022-02-05 06:04:26
308,Talwara,31.9486,75.8667,57.72,60,0,1.7,IN,2022-02-05 06:04:26
309,Umm Kaddadah,13.6017,26.6876,55.69,27,1,22.35,SD,2022-02-05 06:04:26
310,Hiriyur,13.9456,76.6192,82.98,26,75,8.88,IN,2022-02-05 06:04:27
311,Danville,36.586,-79.395,43.61,72,0,11.5,US,2022-02-05 06:03:50
312,Merrydale,30.5013,-91.1084,34.92,83,100,11.5,US,2022-02-05 06:04:27
313,Kimbe,-5.5502,150.1429,84.87,71,60,8.86,PG,2022-02-05 06:04:27
314,Sao Sebastiao,-23.76,-45.4097,76.51,90,100,3.98,BR,2022-02-05 06:04:27
315,Bongandanga,1.5,21.05,70.81,48,94,1.39,CD,2022-02-05 06:04:28
316,Oktyabrskoye,43.0645,44.7417,26.74,100,75,4.47,RU,2022-02-05 06:04:28
317,Ha Giang,22.8333,104.9833,62.29,72,100,3.04,VN,2022-02-05 06:04:28
318,Obidos,-1.9175,-55.5181,72.95,93,90,2.51,BR,2022-02-05 06:04:29
319,Ostrovnoy,68.0531,39.5131,15.13,83,100,26.69,RU,2022-02-05 06:05:29
320,Bandar-E Lengeh,26.5579,54.8807,72.1,59,0,10.94,IR,2022-02-05 06:05:29
321,Pietersburg,-23.9045,29.4688,52.2,75,93,11.1,ZA,2022-02-05 06:05:29
322,Motygino,58.1831,94.7592,23.4,94,100,10.83,RU,2022-02-05 06:05:30
323,Brooks,50.5834,-111.8851,29.03,74,100,10.76,CA,2022-02-05 06:00:32
324,Sola,-13.8833,167.55,82.08,77,100,21.05,VU,2022-02-05 06:05:30
325,Karpathos,35.507,27.2132,53.56,62,40,9.22,GR,2022-02-05 06:05:30
326,Priargunsk,50.3691,119.1012,7.56,80,100,6.29,RU,2022-02-05 06:05:30
327,Perth,-31.9333,115.8333,109.58,8,0,12.66,AU,2022-02-05 06:05:21
328,Charters Towers,-20.1,146.2667,88.43,34,34,10.76,AU,2022-02-05 06:05:31
329,Skibotn,69.3913,20.2679,17.69,91,51,19.22,NO,2022-02-05 06:05:31
330,Goksun,38.021,36.4973,25.75,93,13,7.36,TR,2022-02-05 06:05:31
331,Faya,18.3851,42.4509,59.52,63,24,7.94,SA,2022-02-05 06:05:31
332,Bay Roberts,47.5999,-53.2648,34.52,97,100,6.15,CA,2022-02-05 06:05:32
333,Korem,12.5058,39.5228,58.41,21,47,3.78,ET,2022-02-05 06:05:32
334,Harper,4.375,-7.7169,77.2,87,88,2.82,LR,2022-02-05 06:05:32
335,Kampong Thum,12.7111,104.8887,93.43,34,55,13.56,KH,2022-02-05 06:05:33
336,Bandarbeyla,9.4942,50.8122,77.38,61,0,8.37,SO,2022-02-05 06:05:33
337,Juneau,58.3019,-134.4197,40.84,96,100,1.99,US,2022-02-05 06:05:33
338,Hereford,52.0568,-2.7148,42.03,86,46,1.01,GB,2022-02-05 06:05:33
339,Correia Pinto,-27.5847,-50.3611,64.4,100,99,1.19,BR,2022-02-05 06:05:34
340,Catuday,16.2923,119.8062,79.52,68,55,8.19,PH,2022-02-05 06:05:34
341,Camacha,33.0833,-16.3333,60.22,94,40,8.05,PT,2022-02-05 06:05:34
342,Rumphi,-11.0186,33.8575,64.99,86,100,1.59,MW,2022-02-05 06:05:34
343,Rio Grande,-32.035,-52.0986,73.51,93,50,6.82,BR,2022-02-05 06:05:35
344,Fortuna,40.5982,-124.1573,43.93,94,40,0.0,US,2022-02-05 06:05:35
345,Caravelas,-17.7125,-39.2481,75.9,82,100,6.26,BR,2022-02-05 06:05:35
346,Souillac,-20.5167,57.5167,82.36,81,99,19.15,MU,2022-02-05 06:05:35
347,Fenoarivo,-18.933,47.4354,69.87,83,75,13.8,MG,2022-02-05 06:05:36
348,Muisne,0.6,-80.0333,76.17,84,90,5.41,EC,2022-02-05 06:05:36
349,Port Hardy,50.6996,-127.4199,45.75,90,100,8.46,CA,2022-02-05 06:01:44
350,Mantua,45.1667,10.7833,42.98,91,98,1.01,IT,2022-02-05 06:05:36
351,Kazanka,47.8462,32.8218,20.19,78,7,3.31,UA,2022-02-05 06:05:37
352,Akyab,20.15,92.9,77.2,59,15,7.9,MM,2022-02-05 06:05:37
353,Anamur,36.0751,32.8369,44.62,51,0,3.33,TR,2022-02-05 06:05:37
354,Yulara,-25.2406,130.9889,86.22,16,0,10.4,AU,2022-02-05 06:05:37
355,Palamos,41.8484,3.1291,54.37,80,100,3.2,ES,2022-02-05 06:05:38
356,Oranjemund,-28.55,16.4333,64.31,84,63,7.92,NA,2022-02-05 06:05:38
357,Dobryanka,58.4619,56.4165,26.46,91,100,6.78,RU,2022-02-05 06:05:38
358,Lima,-12.0432,-77.0282,67.14,84,97,6.93,PE,2022-02-05 06:01:26
359,Vila Franca Do Campo,37.7167,-25.4333,57.2,83,98,8.19,PT,2022-02-05 06:05:38
360,Kaiyuan,23.6977,103.3037,64.8,53,55,8.14,CN,2022-02-05 06:05:39
361,Mumbwa,-14.9783,27.0619,65.77,96,100,5.19,ZM,2022-02-05 06:05:39
362,Karratha,-20.7377,116.8463,92.82,55,65,17.74,AU,2022-02-05 06:05:39
363,Serov,59.6033,60.5787,17.67,95,100,5.93,RU,2022-02-05 06:05:39
364,Kieta,-6.2167,155.6333,84.61,76,94,11.41,PG,2022-02-05 06:00:50
365,Kulhudhuffushi,6.6221,73.07,81.45,64,44,9.26,MV,2022-02-05 06:05:40
366,Rosario,-32.9468,-60.6393,67.06,86,40,1.01,AR,2022-02-05 06:06:40
367,San Patricio,28.017,-97.5169,39.06,77,5,9.71,US,2022-02-05 06:06:40
368,Plettenberg Bay,-34.0527,23.3716,67.21,64,0,6.38,ZA,2022-02-05 06:06:41
369,Praya,14.9215,-23.5087,70.34,73,0,17.27,CV,2022-02-05 06:06:41
370,Emerald,-23.5333,148.1667,86.34,32,0,15.12,AU,2022-02-05 06:06:41
371,Mizan Teferi,6.9833,35.5833,73.89,47,98,1.77,ET,2022-02-05 06:06:41
372,San Policarpo,12.1791,125.5072,81.12,72,94,19.1,PH,2022-02-05 06:06:42
373,Forbes,-33.3833,148.0167,79.92,25,14,13.91,AU,2022-02-05 06:06:42
374,Salinas,36.6777,-121.6555,53.69,62,0,0.0,US,2022-02-05 06:06:42
375,Panjab,34.388,67.0233,23.27,49,4,0.72,AF,2022-02-05 06:06:43
376,Nalhati,24.3,87.8167,67.82,52,2,12.24,IN,2022-02-05 06:06:43
377,Pombia,45.653,8.6336,41.31,92,49,4.61,IT,2022-02-05 06:06:43
378,Krasnoarmeysk,51.0239,45.6969,11.44,95,64,9.73,RU,2022-02-05 06:06:43
379,Kapit,2.0167,112.9333,91.98,51,100,1.57,MY,2022-02-05 06:06:44
380,Manuk Mangkaw,4.8,119.85,79.65,82,100,15.82,PH,2022-02-05 06:06:44
381,Slave Lake,55.2834,-114.769,3.18,85,100,3.44,CA,2022-02-05 06:04:01
382,Celestun,20.8667,-90.4,73.33,88,21,19.69,MX,2022-02-05 06:06:44
383,Zeya,53.75,127.2667,7.95,51,74,5.95,RU,2022-02-05 06:06:45
384,Haines Junction,60.7522,-137.5108,4.39,98,100,2.77,CA,2022-02-05 06:06:45
385,Mayo,38.8876,-76.5119,34.66,78,100,8.01,US,2022-02-05 06:06:45
386,Meulaboh,4.1363,96.1285,85.59,63,87,6.06,ID,2022-02-05 06:06:45
387,Springfield,37.2153,-93.2982,21.22,74,0,5.01,US,2022-02-05 06:04:10
388,Zhangye,38.9342,100.4517,23.2,31,100,1.36,CN,2022-02-05 06:06:46
389,Jacmel,18.2342,-72.5347,73.24,79,5,3.8,HT,2022-02-05 06:06:46
390,Bilibino,68.0546,166.4372,-8.54,90,1,5.39,RU,2022-02-05 06:06:46
391,Kasama,-10.2129,31.1808,62.6,89,99,3.4,ZM,2022-02-05 06:06:47
392,Itarema,-2.9248,-39.9167,77.09,86,35,9.64,BR,2022-02-05 06:06:47
393,Medina,24.4686,39.6142,54.03,37,0,4.61,SA,2022-02-05 06:06:47
394,Fonte Boa,-2.4959,-66.2662,71.55,99,100,2.08,BR,2022-02-05 06:06:47
395,Mala,-12.6581,-76.6308,69.64,86,71,2.17,PE,2022-02-05 06:06:48
396,Hafizabad,32.0679,73.6854,60.73,56,0,2.55,PK,2022-02-05 06:06:48
397,Bathsheba,13.2167,-59.5167,72.21,73,20,8.05,BB,2022-02-05 06:06:48
398,Nara,34.6851,135.8049,40.91,62,90,15.66,JP,2022-02-05 06:06:48
399,Chapais,49.7834,-74.8492,-14.1,99,100,2.98,CA,2022-02-05 06:02:55
400,Leopold,-38.1833,144.4667,81.23,55,19,12.66,AU,2022-02-05 06:06:49
401,Savonlinna,61.8699,28.88,20.25,86,100,17.27,FI,2022-02-05 06:06:49
402,Iralaya,15.0,-83.2333,75.56,86,7,8.03,HN,2022-02-05 06:06:49
403,Petropavlovka,50.6114,105.3196,14.47,80,71,3.89,RU,2022-02-05 06:06:49
404,Pevek,69.7008,170.3133,-26.95,99,83,5.97,RU,2022-02-05 06:06:50
405,Tiksi,71.6872,128.8694,-20.7,98,92,7.11,RU,2022-02-05 06:06:50
406,Talca,-35.4333,-71.6667,61.7,66,51,4.0,CL,2022-02-05 06:06:50
407,Vung Tau,10.346,107.0843,82.58,67,99,19.3,VN,2022-02-05 06:06:51
408,Yumen,40.2833,97.2,21.33,27,100,18.86,CN,2022-02-05 06:06:51
409,Lieksa,63.3167,30.0167,18.27,92,100,18.45,FI,2022-02-05 06:06:51
410,Xining,36.6167,101.7667,19.22,62,100,7.05,CN,2022-02-05 06:06:51
411,Swedru,5.5371,-0.6998,74.97,93,5,1.7,GH,2022-02-05 06:06:52
412,Aloleng,16.1307,119.7824,83.55,62,60,9.78,PH,2022-02-05 06:07:52
413,Sao Filipe,14.8961,-24.4956,72.63,71,1,10.36,CV,2022-02-05 06:07:52
414,Gubkinskiy,64.434,76.5026,3.83,95,79,13.94,RU,2022-02-05 06:07:52
415,Illapel,-31.6308,-71.1653,66.72,68,0,1.63,CL,2022-02-05 06:07:53
416,Kamaishi,39.2667,141.8833,32.72,47,34,15.41,JP,2022-02-05 06:07:53
417,Clyde River,70.4692,-68.5914,-19.12,97,100,4.68,CA,2022-02-05 06:07:53
418,Callaway,30.153,-85.5699,42.73,94,100,4.0,US,2022-02-05 06:07:53
419,Ancud,-41.8697,-73.8203,51.42,90,3,1.68,CL,2022-02-05 06:05:37
420,Naliya,23.2667,68.8333,75.09,40,1,11.32,IN,2022-02-05 06:07:54
421,Trairi,-3.2778,-39.2689,75.7,89,88,6.85,BR,2022-02-05 06:07:54
422,Salou,41.0766,1.1416,55.17,72,0,4.0,ES,2022-02-05 06:07:54
423,Ryotsu,38.0833,138.4333,33.76,68,79,24.45,JP,2022-02-05 06:07:54
424,Norman Wells,65.282,-126.8329,-27.36,68,75,13.8,CA,2022-02-05 06:07:55
425,Puerto Del Rosario,28.5004,-13.8627,64.08,67,80,3.44,ES,2022-02-05 06:07:55
426,Bara,10.3744,10.7288,58.84,28,0,7.31,NG,2022-02-05 06:07:55
427,Aswan,24.0934,32.907,52.52,51,0,11.23,EG,2022-02-05 06:07:55
428,Bell Ville,-32.6259,-62.6887,61.68,89,6,8.81,AR,2022-02-05 06:07:56
429,Havelock,34.8791,-76.9013,62.83,94,100,5.01,US,2022-02-05 06:07:56
430,Liberal,37.0431,-100.921,26.87,68,0,11.5,US,2022-02-05 06:07:56
431,Golyshmanovo,56.3979,68.3728,22.78,81,100,10.0,RU,2022-02-05 06:07:57
432,Tete,-16.1564,33.5867,78.89,83,75,4.61,MZ,2022-02-05 06:07:57
433,Bengkulu,-3.8004,102.2655,79.7,78,99,4.81,ID,2022-02-05 06:07:57
434,Agirish,61.9247,63.0231,11.26,88,100,2.17,RU,2022-02-05 06:07:57
435,Arman,59.7,150.1667,1.35,71,30,12.64,RU,2022-02-05 06:07:58
436,Zyryanka,65.75,150.85,-34.96,100,97,1.3,RU,2022-02-05 06:07:58
437,Dongying,37.4564,118.4856,35.17,16,4,11.88,CN,2022-02-05 06:07:58
438,Luanda,-8.8368,13.2343,75.07,83,100,8.55,AO,2022-02-05 06:07:53
439,Tahe,52.3333,124.7333,9.25,66,100,9.01,CN,2022-02-05 06:07:58
440,Amboasary,-25.0333,46.3833,80.53,75,98,14.16,MG,2022-02-05 06:07:59
441,Swidnik,51.219,22.6962,37.29,90,40,14.97,PL,2022-02-05 06:07:59
442,Nicolas Bravo,18.45,-88.9167,68.52,98,59,3.02,MX,2022-02-05 06:07:59
443,Estelle,29.8458,-90.1067,36.0,78,100,13.8,US,2022-02-05 06:04:20
444,Saint-Pierre,-21.3393,55.4781,85.68,58,100,19.57,RE,2022-02-05 06:08:00
445,Rapid Valley,44.0625,-103.1463,44.2,49,50,3.0,US,2022-02-05 06:04:08
446,San Ramon,37.7799,-121.978,54.52,70,0,4.61,US,2022-02-05 06:08:00
447,Burnie,-41.0667,145.9167,69.94,62,98,6.85,AU,2022-02-05 06:08:00
448,Maldonado,-34.6667,-54.9167,65.59,96,76,2.46,UY,2022-02-05 06:08:00
449,Nuuk,64.1835,-51.7216,7.41,85,75,10.36,GL,2022-02-05 06:08:01
450,Egvekinot,66.3167,-179.1667,-7.98,83,0,13.69,RU,2022-02-05 06:08:01
451,Wroclaw,51.1,17.0333,39.2,80,75,5.99,PL,2022-02-05 06:04:14
452,Mazatlan,23.2167,-106.4167,64.9,69,0,1.99,MX,2022-02-05 06:08:01
453,Ostersund,63.1792,14.6357,24.62,80,67,11.5,SE,2022-02-05 06:08:01
454,Cidreira,-30.1811,-50.2056,72.32,93,6,3.76,BR,2022-02-05 06:08:02
455,Severo-Kurilsk,50.6789,156.125,29.71,92,95,9.4,RU,2022-02-05 06:08:02
456,Ibipeba,-11.6408,-42.0111,65.88,89,75,4.52,BR,2022-02-05 06:08:02
457,Yagodnoye,62.55,149.6667,-21.05,81,6,4.09,RU,2022-02-05 06:08:03
458,Willmar,45.1219,-95.0433,-3.98,77,100,0.0,US,2022-02-05 06:08:47
459,Bereda,43.2686,-7.5406,44.01,100,89,5.5,ES,2022-02-05 06:09:03
460,Zonguldak,41.25,31.8333,23.85,61,7,4.45,TR,2022-02-05 06:09:03
461,Kaliningrad,54.7065,20.511,35.96,96,100,21.05,RU,2022-02-05 06:09:04
462,Ares,-6.1944,-35.1603,75.74,80,5,7.29,BR,2022-02-05 06:09:04
463,Boende,-0.2167,20.8667,73.96,71,99,2.39,CD,2022-02-05 06:09:04
464,Beringovskiy,63.05,179.3167,-10.82,88,29,11.7,RU,2022-02-05 06:06:12
465,Virginia Beach,36.8529,-75.978,39.42,93,100,1.99,US,2022-02-05 06:05:09
466,Bodden Town,19.2833,-81.25,75.99,86,14,1.99,KY,2022-02-05 06:09:04
467,Bonavista,48.6499,-53.1147,31.12,94,100,24.36,CA,2022-02-05 06:09:05
468,Kabanjahe,3.1001,98.4908,74.16,78,99,2.77,ID,2022-02-05 06:07:16
469,Saint-Francois,46.4154,3.9054,35.42,92,100,5.75,FR,2022-02-05 06:09:05
470,Banjar,-8.19,114.9675,85.91,85,81,2.42,ID,2022-02-05 06:09:05
471,Dunda,-8.1167,34.25,63.28,96,100,2.8,TZ,2022-02-05 06:09:05
472,Ulaangom,49.9811,92.0667,-15.23,96,93,3.06,MN,2022-02-05 06:09:06
473,Soligalich,59.0778,42.2864,-3.73,100,79,2.08,RU,2022-02-05 06:09:06
474,Prince Rupert,54.3161,-130.3201,40.64,93,100,6.49,CA,2022-02-05 06:09:06
475,Marsh Harbour,26.5412,-77.0636,72.95,62,0,7.54,BS,2022-02-05 06:09:07
476,Anapolis,-16.3267,-48.9528,72.07,90,97,1.32,BR,2022-02-05 06:09:07
477,Saku,36.2167,138.4833,38.89,33,97,9.28,JP,2022-02-05 06:09:07
478,Palmer,42.1584,-72.3287,27.03,83,100,1.01,US,2022-02-05 06:09:07
479,Havoysund,70.9963,24.6622,22.08,82,76,19.35,NO,2022-02-05 06:09:08
480,Mount Gambier,-37.8333,140.7667,73.15,49,37,14.36,AU,2022-02-05 06:05:41
481,Newport,51.5877,-2.9984,44.62,88,40,10.65,GB,2022-02-05 06:09:08
482,Afonso Bezerra,-5.4983,-36.5056,76.23,80,21,7.72,BR,2022-02-05 06:09:08
483,Hanson,42.0751,-70.88,26.69,92,100,3.0,US,2022-02-05 06:08:33
484,Lewistown,40.5992,-77.5714,26.89,86,100,0.0,US,2022-02-05 06:06:32
485,Nsanje,-16.92,35.262,78.08,82,100,2.35,MW,2022-02-05 06:09:09
486,Payo,-3.7508,103.6372,84.96,66,100,4.0,ID,2022-02-05 06:09:09
487,Rassvet,46.8333,40.75,26.71,100,99,6.71,RU,2022-02-05 06:09:09
488,Saint-Louis,16.3333,-15.0,70.68,10,0,9.57,SN,2022-02-05 06:09:09
489,Stromness,58.965,-3.296,37.65,75,95,29.12,GB,2022-02-05 06:09:10
490,Conde,-7.2597,-34.9075,76.46,83,0,2.3,BR,2022-02-05 06:04:19
491,Marsa Matruh,31.3525,27.2453,54.27,68,32,16.24,EG,2022-02-05 06:09:10
492,Otorohanga,-38.1833,175.2,80.56,66,97,7.07,NZ,2022-02-05 06:09:10
493,Chake Chake,-5.2459,39.7666,78.98,78,91,13.13,TZ,2022-02-05 06:09:11
494,Panama City,8.9936,-79.5197,77.43,81,75,4.61,PA,2022-02-05 06:04:27
495,Jabinyanah,35.035,10.9081,55.09,42,60,4.85,TN,2022-02-05 06:09:11
496,Catamarca,-28.4696,-65.7852,67.77,77,4,1.01,AR,2022-02-05 06:09:11
497,Imbituba,-28.24,-48.6703,78.82,95,98,7.23,BR,2022-02-05 06:09:11
498,Vysha,53.8477,42.3777,14.95,94,99,7.87,RU,2022-02-05 06:09:12
499,Mancio Lima,-7.6142,-72.8958,71.2,99,100,2.44,BR,2022-02-05 06:09:12
500,Salalah,17.0151,54.0924,74.61,65,1,3.15,OM,2022-02-05 06:09:12
501,Hambantota,6.1241,81.1185,86.34,74,0,8.05,LK,2022-02-05 06:09:13
502,Ambilobe,-13.2,49.05,79.34,88,100,13.49,MG,2022-02-05 06:09:13
503,Puntarenas,9.9763,-84.8384,80.53,76,9,3.74,CR,2022-02-05 06:09:13
504,Jiuquan,39.7432,98.5174,21.58,28,100,7.29,CN,2022-02-05 06:09:13
505,Mmabatho,-25.85,25.6333,71.56,68,7,11.5,ZA,2022-02-05 06:10:14
506,Hudiksvall,61.729,17.1036,26.04,81,36,6.87,SE,2022-02-05 06:10:14
507,Finschhafen,-6.6024,147.8681,86.58,73,22,14.56,PG,2022-02-05 06:10:14
508,Maizuru,35.45,135.3333,41.61,77,99,16.11,JP,2022-02-05 06:10:14
509,Puro,12.4841,123.3827,80.24,75,89,19.1,PH,2022-02-05 06:10:15
510,Hastings,50.8552,0.5729,38.97,81,1,12.44,GB,2022-02-05 06:07:57
511,San,13.3034,-4.8956,65.84,14,12,9.04,ML,2022-02-05 06:10:15
512,Abaza,52.655,90.0928,26.56,61,53,1.74,RU,2022-02-05 06:10:15
513,Shitkino,56.3703,98.3543,23.32,94,100,11.01,RU,2022-02-05 06:10:16
514,Port Moresby,-9.4431,147.1797,85.37,68,79,15.28,PG,2022-02-05 06:10:16
515,Port Blair,11.6667,92.75,86.04,70,20,9.22,IN,2022-02-05 06:10:16
516,Kostino,58.9097,53.2691,18.28,94,100,7.7,RU,2022-02-05 06:10:16
517,Ternate,0.8,127.4,84.58,73,88,7.61,ID,2022-02-05 06:10:17
518,Orlik,52.5178,99.825,4.32,77,76,1.07,RU,2022-02-05 06:10:17
519,Khilok,51.3674,110.4676,14.94,78,99,10.85,RU,2022-02-05 06:10:17
520,College,64.8569,-147.8028,5.58,79,100,3.44,US,2022-02-05 06:10:17
521,Buala,-8.145,159.5921,83.77,80,99,7.18,SB,2022-02-05 06:10:18
522,Atbasar,51.8,68.3333,12.16,78,100,8.63,KZ,2022-02-05 06:06:45
523,Tsiroanomandidy,-18.7667,46.0333,72.63,86,90,8.86,MG,2022-02-05 06:07:50
524,Margate,51.3813,1.3862,38.95,84,1,1.99,GB,2022-02-05 06:10:18
525,At-Bashi,41.1702,75.8106,10.67,65,14,1.77,KG,2022-02-05 06:10:18
526,Vostok,46.4856,135.8833,0.14,88,100,6.82,RU,2022-02-05 06:10:19
527,Axim,4.8699,-2.2405,77.47,86,1,0.87,GH,2022-02-05 06:10:19
528,Freeport,40.6576,-73.5832,29.25,80,100,5.01,US,2022-02-05 06:08:15
529,Abapo,-18.8333,-63.4667,65.46,95,67,2.55,BO,2022-02-05 06:10:19
530,Quatre Cocos,-20.2078,57.7625,82.09,84,97,19.35,MU,2022-02-05 06:10:20
531,Del Rio,29.3627,-100.8968,33.91,61,0,0.0,US,2022-02-05 06:10:20
532,Henties Bay,-22.116,14.2845,66.85,84,92,5.01,NA,2022-02-05 06:10:20
533,Canmore,51.0834,-115.3521,35.76,93,65,8.77,CA,2022-02-05 06:10:20
534,Buchanan,5.8808,-10.0467,75.16,90,18,4.21,LR,2022-02-05 06:10:21
535,Vila,42.0304,-8.1588,39.33,86,93,6.29,PT,2022-02-05 06:10:21
536,Manokwari,-0.8667,134.0833,84.31,68,55,10.04,ID,2022-02-05 06:10:21
537,Myitkyina,25.3833,97.4,70.45,48,100,2.15,MM,2022-02-05 06:10:21
538,Treinta Y Tres,-33.2333,-54.3833,66.9,97,72,3.87,UY,2022-02-05 06:10:22
539,Caronport,50.4501,-105.8179,16.68,96,100,2.62,CA,2022-02-05 06:10:22
540,Batouri,4.4333,14.3667,66.45,28,40,2.28,CM,2022-02-05 06:10:22
541,Kipini,-2.5257,40.5262,82.69,70,90,0.6,KE,2022-02-05 06:10:22
542,Karatuzskoye,53.6072,92.8667,14.31,76,98,4.47,RU,2022-02-05 06:10:23
543,Zhezkazgan,47.8043,67.7144,8.58,72,0,15.66,KZ,2022-02-05 06:10:23
544,Santa Isabel,-23.3156,-46.2214,72.66,96,96,2.86,BR,2022-02-05 06:10:23
545,Fukue,32.6881,128.8419,40.68,69,100,29.24,JP,2022-02-05 06:09:38
546,Chernyshevskiy,63.0128,112.4714,-9.36,94,98,3.8,RU,2022-02-05 06:10:24
547,Hornepayne,49.2138,-84.7705,-9.04,97,50,2.98,CA,2022-02-05 06:10:24
548,Grand Gaube,-20.0064,57.6608,82.38,80,97,14.0,MU,2022-02-05 06:10:24
549,Washougal,45.5826,-122.3534,50.13,91,100,0.0,US,2022-02-05 06:10:24
550,Sitges,41.2351,1.8119,55.22,89,100,3.06,ES,2022-02-05 06:06:20
551,Natal,-5.795,-35.2094,75.85,88,20,3.44,BR,2022-02-05 06:07:24
552,Den Helder,52.9599,4.7593,42.78,76,20,18.01,NL,2022-02-05 06:10:25
553,Vaitape,-16.5167,-151.75,80.53,74,63,13.96,PF,2022-02-05 06:10:25
554,Cockburn Town,21.4612,-71.1419,75.92,72,0,17.81,TC,2022-02-05 06:11:25
555,Qena,26.1615,32.7183,51.04,58,0,4.43,EG,2022-02-05 06:11:25
556,Comodoro Rivadavia,-45.8667,-67.5,46.26,87,0,4.61,AR,2022-02-05 06:11:26
557,Ribeira Grande,38.5167,-28.7,59.29,75,25,4.72,PT,2022-02-05 06:11:26
558,Khed Brahma,24.0333,73.05,74.71,17,0,5.99,IN,2022-02-05 06:11:26
559,Palencia,42.4167,-4.5,32.79,92,53,8.03,ES,2022-02-05 06:11:26
560,Horodyshche,49.2849,31.4451,18.61,92,77,6.17,UA,2022-02-05 06:11:27
561,Acarau,-2.8856,-40.12,77.4,86,25,9.64,BR,2022-02-05 06:11:27
562,Puerto Suarez,-18.95,-57.8,75.18,87,21,1.88,BO,2022-02-05 06:11:27
563,Hamina,60.5697,27.1979,24.08,95,100,20.11,FI,2022-02-05 06:11:27
564,Belaya Gora,68.5333,146.4167,-35.82,100,69,0.36,RU,2022-02-05 06:10:55
565,Huarmey,-10.0681,-78.1522,70.14,87,52,7.9,PE,2022-02-05 06:08:21
566,Mairana,-18.1167,-63.9333,59.47,98,93,3.91,BO,2022-02-05 06:11:28
567,Namwala,-15.7504,26.4384,66.56,94,99,3.76,ZM,2022-02-05 06:11:28
568,Almaznyy,48.0448,40.045,26.74,92,96,10.98,RU,2022-02-05 06:11:28
569,Broome,42.2506,-75.833,16.38,90,100,1.99,US,2022-02-05 06:11:29
570,Mujiayingzi,42.1167,118.7833,22.15,41,3,18.57,CN,2022-02-05 06:11:29
